Name,Web of Science Documents,Times Cited,Rank,% Docs Cited,Publisher (all),Publisher (unified)
SUSTAINABILITY,34,34,1,38.24,MDPI,
MATERIALS,26,23,2,53.85,MDPI,
APPLIED SCIENCES-BASEL,18,8,3,33.33,MDPI,
MATHEMATICS,17,9,4,23.53,MDPI,
POLYMERS,13,21,5,53.85,MDPI,
INTERNATIONAL JOURNAL OF MOLECULAR SCIENCES,11,19,6,45.45,MDPI,
SENSORS,11,8,6,36.36,MDPI,
ENERGIES,9,4,8,33.33,MDPI,
SCIENTIFIC REPORTS,9,13,8,66.67,NATURE PORTFOLIO,Springer Nature (Unified)
MEDICINA-LITHUANIA,8,3,10,12.5,MDPI,
HEALTHCARE,7,0,11,0.0,MDPI,
NEPHROLOGY DIALYSIS TRANSPLANTATION,7,2,11,28.57,OXFORD UNIV PRESS,Oxford University Press (Unified)
CHAOS SOLITONS & FRACTALS,7,36,11,85.71,PERGAMON-ELSEVIER SCIENCE LTD,Elsevier (Unified)
MATCH-COMMUNICATIONS IN MATHEMATICAL AND IN COMPUTER CHEMISTRY,6,4,14,66.67,"UNIV KRAGUJEVAC, FAC SCIENCE",
FOODS,6,8,14,33.33,MDPI,
ZDRAVSTVENO VARSTVO,5,1,16,20.0,INST PUBLIC HEALTH REPUBLIC SLOVENIA,
REMOTE SENSING,5,3,16,40.0,MDPI,
REVIJA ZA KRIMINALISTIKO IN KRIMINOLOGIJO,5,0,16,0.0,MINISTRY INTERIOR REPUBLIC SLOVENIA,
PROCESSES,5,1,16,20.0,MDPI,
EUROPEAN JOURNAL OF NEUROLOGY,5,2,16,20.0,WILEY,Wiley (Unified)
PLANTS-BASEL,5,12,16,80.0,MDPI,
CHILDREN-BASEL,5,1,16,20.0,MDPI,
APPLIED MATHEMATICS AND COMPUTATION,5,2,16,40.0,ELSEVIER SCIENCE INC,Elsevier (Unified)
INTERNATIONAL JOURNAL OF BIOLOGICAL MACROMOLECULES,5,5,16,60.0,ELSEVIER,Elsevier (Unified)
ELECTRONICS,5,5,16,60.0,MDPI,
RESUSCITATION,5,38,16,40.0,ELSEVIER IRELAND LTD,Elsevier (Unified)
JOURNAL OF CLINICAL MEDICINE,5,0,16,0.0,MDPI,
EUROPEAN JOURNAL OF HUMAN GENETICS,4,0,28,0.0,SPRINGERNATURE,Springer Nature (Unified)
NEPHRON,4,1,28,25.0,KARGER,
FRONTIERS IN PSYCHOLOGY,4,0,28,0.0,FRONTIERS MEDIA SA,
CANCERS,4,2,28,25.0,MDPI,
JOURNAL OF MATERIALS RESEARCH AND TECHNOLOGY-JMR&T,4,4,28,50.0,ELSEVIER,Elsevier (Unified)
ACTA PHYSIOLOGICA,4,0,28,0.0,WILEY,Wiley (Unified)
TEHNICKI GLASNIK-TECHNICAL JOURNAL,4,0,28,0.0,UNIV NORTH,
IEEE ACCESS,4,0,28,0.0,IEEE-INST ELECTRICAL ELECTRONICS ENGINEERS INC,IEEE (Unified)
INFORMATION,4,2,28,25.0,MDPI,
COMPUTATIONAL & APPLIED MATHEMATICS,4,1,28,25.0,SPRINGER HEIDELBERG,Springer Nature (Unified)
CARBOHYDRATE POLYMERS,4,8,28,50.0,ELSEVIER SCI LTD,Elsevier (Unified)
GENES,3,1,39,33.33,MDPI,
BULLETIN OF THE MALAYSIAN MATHEMATICAL SCIENCES SOCIETY,3,2,39,33.33,SPRINGERNATURE,Springer Nature (Unified)
ENTROPY,3,0,39,0.0,MDPI,
PLOS ONE,3,3,39,66.67,PUBLIC LIBRARY SCIENCE,
AGRICULTURE-BASEL,3,0,39,0.0,MDPI,
COMPUTERS & SECURITY,3,0,39,0.0,ELSEVIER ADVANCED TECHNOLOGY,Elsevier (Unified)
FRONTIERS IN CARDIOVASCULAR MEDICINE,3,0,39,0.0,FRONTIERS MEDIA SA,
ELEKTROTEHNISKI VESTNIK,3,0,39,0.0,ELECTROTECHNICAL SOC SLOVENIA,
EUROPEAN PSYCHIATRY,3,0,39,0.0,CAMBRIDGE UNIV PRESS,
MICROORGANISMS,3,7,39,33.33,MDPI,
ANNALS OF SURGICAL ONCOLOGY,3,4,39,66.67,SPRINGER,Springer Nature (Unified)
PEDIATRIC NEPHROLOGY,3,1,39,33.33,SPRINGER,Springer Nature (Unified)
MOLECULES,3,2,39,33.33,MDPI,
LIFE-BASEL,3,4,39,33.33,MDPI,
PHYSICAL REVIEW E,3,13,39,66.67,AMER PHYSICAL SOC,
EDUCATION SCIENCES,3,1,39,33.33,MDPI,
INTERNATIONAL JOURNAL OF APPLIED LINGUISTICS,3,0,39,0.0,WILEY,Wiley (Unified)
JOURNAL OF PEDIATRIC GASTROENTEROLOGY AND NUTRITION,3,2,39,66.67,LIPPINCOTT WILLIAMS & WILKINS,Lippincott Williams & Wilkins (Unified)
PHARMACEUTICALS,3,0,39,0.0,MDPI,
DISCRETE APPLIED MATHEMATICS,3,0,39,0.0,ELSEVIER,Elsevier (Unified)
EJSO,3,0,39,0.0,ELSEVIER SCI LTD,Elsevier (Unified)
LEXONOMICA,3,0,39,0.0,"UNIV MARIBOR, FAC LAW",
JOURNAL OF CLEANER PRODUCTION,3,3,39,66.67,ELSEVIER SCI LTD,Elsevier (Unified)
EUROPEAN JOURNAL OF OBSTETRICS & GYNECOLOGY AND REPRODUCTIVE BIOLOGY,3,0,39,0.0,ELSEVIER,Elsevier (Unified)
BIOPHYSICAL JOURNAL,3,4,39,33.33,CELL PRESS,Elsevier (Unified)
ANIMALS,2,0,64,0.0,MDPI,
JOURNAL OF ALLOYS AND COMPOUNDS,2,11,64,100.0,ELSEVIER SCIENCE SA,Elsevier (Unified)
KYBERNETES,2,0,64,0.0,EMERALD GROUP PUBLISHING LTD,
ENGINEERING ANALYSIS WITH BOUNDARY ELEMENTS,2,0,64,0.0,ELSEVIER SCI LTD,Elsevier (Unified)
JOURNAL OF MANUFACTURING PROCESSES,2,4,64,50.0,ELSEVIER SCI LTD,Elsevier (Unified)
MATHEMATICAL BIOSCIENCES AND ENGINEERING,2,3,64,50.0,AMER INST MATHEMATICAL SCIENCES-AIMS,
SCIENTIFIC DATA,2,0,64,0.0,NATURE PORTFOLIO,Springer Nature (Unified)
SYMMETRY-BASEL,2,0,64,0.0,MDPI,
BIOMEDICINES,2,2,64,100.0,MDPI,
INTERNATIONAL JOURNAL OF CLINICAL PHARMACY,2,1,64,50.0,SPRINGER,Springer Nature (Unified)
JOURNAL OF ENVIRONMENTAL CHEMICAL ENGINEERING,2,1,64,50.0,ELSEVIER SCI LTD,Elsevier (Unified)
NUTRIENTS,2,3,64,100.0,MDPI,
BIOSENSORS-BASEL,2,1,64,50.0,MDPI,
ACS APPLIED MATERIALS & INTERFACES,2,2,64,100.0,AMER CHEMICAL SOC,
ACUPUNCTURE & ELECTRO-THERAPEUTICS RESEARCH,2,0,64,0.0,COGNIZANT COMMUNICATION CORP,
FRONTIERS IN PSYCHIATRY,2,0,64,0.0,FRONTIERS MEDIA SA,
RADIOLOGY AND ONCOLOGY,2,4,64,100.0,WALTER DE GRUYTER GMBH,Walter De Gruyter (Unified)
SURGERY,2,0,64,0.0,MOSBY-ELSEVIER,Elsevier (Unified)
FRONTIERS IN PLANT SCIENCE,2,1,64,50.0,FRONTIERS MEDIA SA,
NONLINEAR DYNAMICS,2,4,64,50.0,SPRINGER,Springer Nature (Unified)
TEHNICKI VJESNIK-TECHNICAL GAZETTE,2,0,64,0.0,"UNIV OSIJEK, TECH FAC",
JOURNAL OF SURGICAL CASE REPORTS,2,0,64,0.0,OXFORD UNIV PRESS,Oxford University Press (Unified)
SYSTEMS,2,2,64,50.0,MDPI,
MEDICINE LAW & SOCIETY,2,0,64,0.0,"UNIV MARIBOR, FAC LAW",
METALS,2,0,64,0.0,MDPI,
REACTIVE & FUNCTIONAL POLYMERS,2,0,64,0.0,ELSEVIER,Elsevier (Unified)
HEMIJSKA INDUSTRIJA,2,1,64,50.0,ASSOC CHEMICAL ENGINEERS SERBIA,
COMMUNICATIONS IN NONLINEAR SCIENCE AND NUMERICAL SIMULATION,2,0,64,0.0,ELSEVIER,Elsevier (Unified)
JOURNAL OF CARDIOVASCULAR DEVELOPMENT AND DISEASE,2,1,64,50.0,MDPI,
ANTIOXIDANTS,2,12,64,50.0,MDPI,
EXPERIMENTAL BRAIN RESEARCH,2,1,64,50.0,SPRINGER,Springer Nature (Unified)
THEORETICAL COMPUTER SCIENCE,2,2,64,50.0,ELSEVIER,Elsevier (Unified)
JOURNAL OF ELECTROMYOGRAPHY AND KINESIOLOGY,2,0,64,0.0,ELSEVIER SCI LTD,Elsevier (Unified)
PHARMACEUTICS,2,1,64,50.0,MDPI,
NUCLEAR INSTRUMENTS & METHODS IN PHYSICS RESEARCH SECTION A-ACCELERATORS SPECTROMETERS DETECTORS AND ASSOCIATED EQUIPMENT,2,0,64,0.0,ELSEVIER,Elsevier (Unified)
INTERNATIONAL JOURNAL OF PRODUCTION RESEARCH,2,0,64,0.0,TAYLOR & FRANCIS LTD,Taylor & Francis (Unified)
CHEMOSENSORS,2,0,64,0.0,MDPI,
INTERNATIONAL JOURNAL OF IMPACT ENGINEERING,2,6,64,50.0,PERGAMON-ELSEVIER SCIENCE LTD,Elsevier (Unified)
SIGNA VITAE,2,2,64,50.0,MRE PRESS,
BMC HEALTH SERVICES RESEARCH,2,0,64,0.0,BMC,Springer Nature (Unified)
DISCRETE MATHEMATICS,2,0,64,0.0,ELSEVIER,Elsevier (Unified)
PRIMERJALNA KNJIZEVNOST,2,0,64,0.0,SLOVENE COMPARATIVE LITERATURE ASSOC,
INTERNATIONAL JOURNAL OF SIMULATION MODELLING,2,0,64,0.0,DAAAM INTERNATIONAL VIENNA,
NANOTECHNOLOGY REVIEWS,2,1,64,50.0,DE GRUYTER POLAND SP Z O O,Walter de Gruyter (Unified)
CURRENT ISSUES IN MOLECULAR BIOLOGY,2,0,64,0.0,MDPI,
INTERNATIONAL JOURNAL OF GYNECOLOGICAL CANCER,2,1,64,50.0,BMJ PUBLISHING GROUP,
JOURNAL OF COMPUTATIONAL SCIENCE,2,1,64,50.0,ELSEVIER,Elsevier (Unified)
ANALYST,2,4,64,50.0,ROYAL SOC CHEMISTRY,
ORGANIZACIJA,2,0,64,0.0,SCIENDO,
INTERNATIONAL JOURNAL OF QUANTUM CHEMISTRY,2,0,64,0.0,WILEY,Wiley (Unified)
ULTRASOUND IN OBSTETRICS & GYNECOLOGY,2,1,64,50.0,WILEY,Wiley (Unified)
JOURNAL OF CHEMICAL INFORMATION AND MODELING,2,2,64,50.0,AMER CHEMICAL SOC,
FRONTIERS IN PHYSIOLOGY,2,1,64,50.0,FRONTIERS MEDIA SA,
PHYSICS OF LIFE REVIEWS,2,21,64,50.0,ELSEVIER,Elsevier (Unified)
AGRONOMY-BASEL,2,0,64,0.0,MDPI,
WORLD JOURNAL OF CLINICAL CASES,2,1,64,50.0,BAISHIDENG PUBLISHING GROUP INC,
"2023 32ND ANNUAL CONFERENCE OF THE EUROPEAN ASSOCIATION FOR EDUCATION IN ELECTRICAL AND INFORMATION ENGINEERING, EAEEIE",2,0,64,0.0,IEEE,IEEE (Unified)
SUSTAINABLE ENERGY & FUELS,2,2,64,50.0,ROYAL SOC CHEMISTRY,
PHOTONICS,2,3,64,100.0,MDPI,
THERMAL SCIENCE,2,1,64,50.0,VINCA INST NUCLEAR SCI,
CHAOS,2,6,64,100.0,AIP Publishing,
PHYSICAL REVIEW D,2,1,64,50.0,AMER PHYSICAL SOC,
EPL,2,7,64,100.0,IOP Publishing Ltd,
PROBLEMS OF EDUCATION IN THE 21ST CENTURY,2,0,64,0.0,SCIENTIA SOCIALIS,
MEDITERRANEAN JOURNAL OF MATHEMATICS,2,1,64,50.0,SPRINGER BASEL AG,Springer Nature (Unified)
BMC PRIMARY CARE,1,0,129,0.0,BMC,Springer Nature (Unified)
FRONTIERS IN ENERGY RESEARCH,1,1,129,100.0,FRONTIERS MEDIA SA,
POLICY FUTURES IN EDUCATION,1,0,129,0.0,SAGE PUBLICATIONS LTD,Sage (Unified)
JOURNAL OF PRAGMATICS,1,2,129,100.0,ELSEVIER,Elsevier (Unified)
MATERIALS AND MANUFACTURING PROCESSES,1,1,129,100.0,TAYLOR & FRANCIS INC,Taylor & Francis (Unified)
ACTA MATHEMATICA SINICA-ENGLISH SERIES,1,0,129,0.0,SPRINGER HEIDELBERG,Springer Nature (Unified)
PLASMA SOURCES SCIENCE & TECHNOLOGY,1,1,129,100.0,IOP Publishing Ltd,
DIGESTIVE AND LIVER DISEASE,1,0,129,0.0,ELSEVIER SCIENCE INC,Elsevier (Unified)
IEEE TRANSACTIONS ON NEURAL SYSTEMS AND REHABILITATION ENGINEERING,1,0,129,0.0,IEEE-INST ELECTRICAL ELECTRONICS ENGINEERS INC,IEEE (Unified)
JOURNALISM PRACTICE,1,1,129,100.0,"ROUTLEDGE JOURNALS, TAYLOR & FRANCIS LTD",Taylor & Francis (Unified)
JOURNAL OF INSTRUMENTATION,1,1,129,100.0,IOP Publishing Ltd,
ELEKTRONIKA IR ELEKTROTECHNIKA,1,0,129,0.0,KAUNAS UNIV TECHNOLOGY,
JOURNAL OF BALTIC SCIENCE EDUCATION,1,0,129,0.0,SCI METHODICAL CTR-SCI EDUCOLOGICA,
FRONTIERS IN ONCOLOGY,1,0,129,0.0,FRONTIERS MEDIA SA,
CRIMINAL JUSTICE AND BEHAVIOR,1,0,129,0.0,SAGE PUBLICATIONS INC,Sage (Unified)
JOURNAL OF MEDICAL EDUCATION AND CURRICULAR DEVELOPMENT,1,0,129,0.0,SAGE PUBLICATIONS LTD,Sage (Unified)
JOURNAL OF STATISTICAL PHYSICS,1,0,129,0.0,SPRINGER,Springer Nature (Unified)
PASTORAL PSYCHOLOGY,1,1,129,100.0,SPRINGER,Springer Nature (Unified)
CLINICAL NEURORADIOLOGY,1,0,129,0.0,SPRINGER HEIDELBERG,Springer Nature (Unified)
FORENSIC SCIENCE MEDICINE AND PATHOLOGY,1,1,129,100.0,HUMANA PRESS INC,Springer Nature (Unified)
MEDICINE & SCIENCE IN SPORTS & EXERCISE,1,0,129,0.0,LIPPINCOTT WILLIAMS & WILKINS,Lippincott Williams & Wilkins (Unified)
FOLIA MORPHOLOGICA,1,1,129,100.0,VIA MEDICA,
COATINGS,1,0,129,0.0,MDPI,
PANOECONOMICUS,1,0,129,0.0,SAVEZ EKONOMISTA VOJVODINE,
LWT-FOOD SCIENCE AND TECHNOLOGY,1,0,129,0.0,ELSEVIER,Elsevier (Unified)
THIN-WALLED STRUCTURES,1,1,129,100.0,ELSEVIER SCI LTD,Elsevier (Unified)
STRATEGIC MANAGEMENT,1,2,129,100.0,"UNIV NOVI SAD, FAC ECONOMICS SUBOTICA",
SCIENCE AND TECHNOLOGY OF WELDING AND JOINING,1,2,129,100.0,TAYLOR & FRANCIS LTD,Taylor & Francis (Unified)
NPJ MATERIALS DEGRADATION,1,2,129,100.0,NATURE PORTFOLIO,Springer Nature (Unified)
INFECTIOUS DISEASE REPORTS,1,0,129,0.0,MDPI,
COMPUTERS & CHEMICAL ENGINEERING,1,2,129,100.0,PERGAMON-ELSEVIER SCIENCE LTD,Elsevier (Unified)
RESULTS IN MATHEMATICS,1,0,129,0.0,SPRINGER BASEL AG,Springer Nature (Unified)
PHYSICS REPORTS-REVIEW SECTION OF PHYSICS LETTERS,1,15,129,100.0,ELSEVIER,Elsevier (Unified)
BIOMASS & BIOENERGY,1,1,129,100.0,PERGAMON-ELSEVIER SCIENCE LTD,Elsevier (Unified)
ENVIRONMENTAL POLLUTANTS AND BIOAVAILABILITY,1,0,129,0.0,TAYLOR & FRANCIS LTD,Taylor & Francis (Unified)
MULTIPLE SCLEROSIS JOURNAL,1,0,129,0.0,SAGE PUBLICATIONS LTD,Sage (Unified)
ENERGY TECHNOLOGY,1,0,129,0.0,WILEY-V C H VERLAG GMBH,Wiley (Unified)
INDIAN JOURNAL OF PURE & APPLIED MATHEMATICS,1,0,129,0.0,INDIAN NAT SCI ACAD,
BRAZILIAN JOURNAL OF ANESTHESIOLOGY,1,0,129,0.0,ELSEVIER SCIENCE INC,Elsevier (Unified)
PERSON AND THE CHALLENGES-THE JOURNAL OF THEOLOGY EDUCATION CANON LAW AND SOCIAL STUDIES INSPIRED BY POPE JOHN PAUL II,1,0,129,0.0,"PONTIFICIAL UNIV JOHN PAUL II CRACOW, FAC THEOLOGY, SEC TARNOW",
ACS OMEGA,1,1,129,100.0,AMER CHEMICAL SOC,
JOURNAL OF HEALTHCARE INFORMATICS RESEARCH,1,1,129,100.0,SPRINGERNATURE,Springer Nature (Unified)
JOURNAL OF BIOMEDICAL INFORMATICS,1,0,129,0.0,ACADEMIC PRESS INC ELSEVIER SCIENCE,Elsevier (Unified)
ADVANCED HEALTHCARE MATERIALS,1,0,129,0.0,WILEY,Wiley (Unified)
ADVANCED BIOLOGY,1,3,129,100.0,WILEY-V C H VERLAG GMBH,Wiley (Unified)
PSYCHOLOGICAL ASSESSMENT,1,0,129,0.0,AMER PSYCHOLOGICAL ASSOC,Amer Psychological Assoc (Unified)
EUROPEAN PHYSICAL JOURNAL-SPECIAL TOPICS,1,0,129,0.0,SPRINGER HEIDELBERG,Springer Nature (Unified)
ANNALS OF SURGERY,1,8,129,100.0,LIPPINCOTT WILLIAMS & WILKINS,Lippincott Williams & Wilkins (Unified)
MICROCHEMICAL JOURNAL,1,0,129,0.0,ELSEVIER,Elsevier (Unified)
DIVERSITY-BASEL,1,1,129,100.0,MDPI,
INORGANICA CHIMICA ACTA,1,0,129,0.0,ELSEVIER SCIENCE SA,Elsevier (Unified)
JOURNAL OF MOLECULAR LIQUIDS,1,1,129,100.0,ELSEVIER,Elsevier (Unified)
BREAST CANCER-TARGETS AND THERAPY,1,0,129,0.0,DOVE MEDICAL PRESS LTD,
JOURNAL OF DATABASE MANAGEMENT,1,0,129,0.0,IGI GLOBAL,
PEDIATRIC INFECTIOUS DISEASE JOURNAL,1,2,129,100.0,LIPPINCOTT WILLIAMS & WILKINS,Lippincott Williams & Wilkins (Unified)
CRYSTALS,1,0,129,0.0,MDPI,
SUSTAINABLE BUSINESS MANAGEMENT AND DIGITAL TRANSFORMATION: CHALLENGES AND OPPORTUNITIES IN THE POST-COVID ERA,1,0,129,0.0,SPRINGER INTERNATIONAL PUBLISHING AG,Springer Nature (Unified)
APPLIED ANIMAL BEHAVIOUR SCIENCE,1,0,129,0.0,ELSEVIER,Elsevier (Unified)
PHLEBOLOGY,1,0,129,0.0,SAGE PUBLICATIONS INC,Sage (Unified)
INTERNATIONAL JOURNAL OF SOCIOLOGY,1,1,129,100.0,"ROUTLEDGE JOURNALS, TAYLOR & FRANCIS LTD",Taylor & Francis (Unified)
BEHAVIORAL SCIENCES,1,0,129,0.0,MDPI,
ROYAL SOCIETY OPEN SCIENCE,1,0,129,0.0,ROYAL SOC,
CLINICAL AND EXPERIMENTAL RHEUMATOLOGY,1,8,129,100.0,CLINICAL & EXPER RHEUMATOLOGY,
QUALITATIVE THEORY OF DYNAMICAL SYSTEMS,1,0,129,0.0,SPRINGER BASEL AG,Springer Nature (Unified)
AGROLIFE SCIENTIFIC JOURNAL,1,0,129,0.0,UNIV AGRONOMIC SCIENCES & VETERINARY MEDICINE BUCHAREST - USAMV,
JOURNAL OF GERIATRIC ONCOLOGY,1,0,129,0.0,ELSEVIER,Elsevier (Unified)
PRISON JOURNAL,1,0,129,0.0,SAGE PUBLICATIONS INC,Sage (Unified)
JOURNAL OF PHYSICS-COMPLEXITY,1,5,129,100.0,IOP Publishing Ltd,
IEEE TRANSACTIONS ON RADIATION AND PLASMA MEDICAL SCIENCES,1,0,129,0.0,IEEE-INST ELECTRICAL ELECTRONICS ENGINEERS INC,IEEE (Unified)
JOURNAL OF DYNAMICAL AND CONTROL SYSTEMS,1,0,129,0.0,SPRINGER/PLENUM PUBLISHERS,Springer Nature (Unified)
WILEY INTERDISCIPLINARY REVIEWS-DATA MINING AND KNOWLEDGE DISCOVERY,1,2,129,100.0,"WILEY PERIODICALS, INC",Wiley (Unified)
AXIOMS,1,0,129,0.0,MDPI,
EARLY CHILDHOOD EDUCATION JOURNAL,1,0,129,0.0,SPRINGER,Springer Nature (Unified)
BULLETIN OF THE LONDON MATHEMATICAL SOCIETY,1,1,129,100.0,WILEY,Wiley (Unified)
IEEE TRANSACTIONS ON BIOMEDICAL ENGINEERING,1,0,129,0.0,IEEE-INST ELECTRICAL ELECTRONICS ENGINEERS INC,IEEE (Unified)
EXPERT SYSTEMS WITH APPLICATIONS,1,1,129,100.0,PERGAMON-ELSEVIER SCIENCE LTD,Elsevier (Unified)
ACS APPLIED POLYMER MATERIALS,1,1,129,100.0,AMER CHEMICAL SOC,
JOURNAL OF THE INTERNATIONAL SOCIETY OF SPORTS NUTRITION,1,0,129,0.0,TAYLOR & FRANCIS INC,Taylor & Francis (Unified)
ARS & HUMANITAS: JOURNAL OF ARTS AND HUMANITIES,1,0,129,0.0,UNIV LJUBLJANA,
INTERNATIONAL JOURNAL OF COLORECTAL DISEASE,1,1,129,100.0,SPRINGER,Springer Nature (Unified)
"EXPERIMENTAL RESEARCH AND NUMERICAL SIMULATION IN APPLIED SCIENCES, CNNTECH 2022",1,0,129,0.0,SPRINGER INTERNATIONAL PUBLISHING AG,Springer Nature (Unified)
NEURAL COMPUTING & APPLICATIONS,1,0,129,0.0,SPRINGER LONDON LTD,Springer Nature (Unified)
INTERNATIONAL JOURNAL OF SOCIOLOGY OF EDUCATION,1,0,129,0.0,HIPATIA PRESS,
ZEITSCHRIFT FUR GASTROENTEROLOGIE,1,0,129,0.0,GEORG THIEME VERLAG KG,Thieme Medical Publishers (Unified)
QUAESTIONES MATHEMATICAE,1,1,129,100.0,TAYLOR & FRANCIS LTD,Taylor & Francis (Unified)
FRONTIERS IN ENDOCRINOLOGY,1,0,129,0.0,FRONTIERS MEDIA SA,
JOURNAL OF THEORETICAL BIOLOGY,1,6,129,100.0,ACADEMIC PRESS LTD- ELSEVIER SCIENCE LTD,Elsevier (Unified)
JOURNAL OF DIFFERENCE EQUATIONS AND APPLICATIONS,1,0,129,0.0,TAYLOR & FRANCIS LTD,Taylor & Francis (Unified)
CARBON,1,1,129,100.0,PERGAMON-ELSEVIER SCIENCE LTD,Elsevier (Unified)
TECHTRENDS,1,0,129,0.0,SPRINGER INT PUBL AG,Springer Nature (Unified)
EAST EUROPEAN POLITICS,1,1,129,100.0,"ROUTLEDGE JOURNALS, TAYLOR & FRANCIS LTD",Taylor & Francis (Unified)
EUROPEAN JOURNAL OF GENERAL PRACTICE,1,1,129,100.0,TAYLOR & FRANCIS LTD,Taylor & Francis (Unified)
EUROPEAN JOURNAL OF COMBINATORICS,1,0,129,0.0,ACADEMIC PRESS LTD- ELSEVIER SCIENCE LTD,Elsevier (Unified)
EDUCATION AND INFORMATION TECHNOLOGIES,1,1,129,100.0,SPRINGER,Springer Nature (Unified)
INTERNATIONAL JOURNAL OF STROKE,1,0,129,0.0,SAGE PUBLICATIONS LTD,Sage (Unified)
JOURNAL OF HISTORICAL PRAGMATICS,1,0,129,0.0,JOHN BENJAMINS PUBLISHING CO,
JOURNAL OF BEHAVIORAL ADDICTIONS,1,0,129,0.0,AKADEMIAI KIADO ZRT,
FRONTIERS IN IMMUNOLOGY,1,2,129,100.0,FRONTIERS MEDIA SA,
JOURNAL OF PHYSICS-ENERGY,1,0,129,0.0,IOP Publishing Ltd,
JOURNAL OF ALLERGY AND CLINICAL IMMUNOLOGY-IN PRACTICE,1,1,129,100.0,ELSEVIER,Elsevier (Unified)
JOURNAL OF ELECTROCHEMICAL SCIENCE AND ENGINEERING,1,0,129,0.0,INT ASSOC PHYSICAL CHEMISTS-IAPC,
ACTA OBSTETRICIA ET GYNECOLOGICA SCANDINAVICA,1,4,129,100.0,WILEY,Wiley (Unified)
PARKINSONISM & RELATED DISORDERS,1,0,129,0.0,ELSEVIER SCI LTD,Elsevier (Unified)
THERMAL SCIENCE AND ENGINEERING PROGRESS,1,3,129,100.0,ELSEVIER,Elsevier (Unified)
MITTEILUNGEN KLOSTERNEUBURG,1,0,129,0.0,HOHERE BUNDESLEHRANSTALT & BUNDESAMT WEIN-& OBSTBAU KLOSTERNEUBURG,
COMPARATIVE EUROPEAN POLITICS,1,0,129,0.0,PALGRAVE MACMILLAN LTD,Springer Nature (Unified)
EXPERT OPINION ON THERAPEUTIC TARGETS,1,0,129,0.0,TAYLOR & FRANCIS LTD,Taylor & Francis (Unified)
ANNALS OF COMBINATORICS,1,0,129,0.0,SPRINGER BASEL AG,Springer Nature (Unified)
NATIONALITIES PAPERS-THE JOURNAL OF NATIONALISM AND ETHNICITY,1,0,129,0.0,CAMBRIDGE UNIV PRESS,
COGENT BUSINESS & MANAGEMENT,1,0,129,0.0,TAYLOR & FRANCIS AS,Taylor & Francis (Unified)
BULLETIN OF THE AUSTRALIAN MATHEMATICAL SOCIETY,1,1,129,100.0,CAMBRIDGE UNIV PRESS,
LEISURE SCIENCES,1,0,129,0.0,TAYLOR & FRANCIS INC,Taylor & Francis (Unified)
LIVESTOCK SCIENCE,1,1,129,100.0,ELSEVIER,Elsevier (Unified)
NATURE GENETICS,1,11,129,100.0,NATURE PORTFOLIO,Springer Nature (Unified)
INSECTS,1,0,129,0.0,MDPI,
APPETITE,1,0,129,0.0,ACADEMIC PRESS LTD- ELSEVIER SCIENCE LTD,Elsevier (Unified)
STUDIES IN BUSINESS AND ECONOMICS,1,1,129,100.0,SCIENDO,
ANALYTICAL METHODS,1,0,129,0.0,ROYAL SOC CHEMISTRY,
CENTRAL EUROPEAN BUSINESS REVIEW,1,0,129,0.0,UNIV ECONOMICS-PRAGUE,
IEEE TRANSACTIONS ON SMART GRID,1,0,129,0.0,IEEE-INST ELECTRICAL ELECTRONICS ENGINEERS INC,IEEE (Unified)
COMPUTATIONAL PARTICLE MECHANICS,1,0,129,0.0,SPRINGER INT PUBL AG,Springer Nature (Unified)
INDUSTRIAL CROPS AND PRODUCTS,1,2,129,100.0,ELSEVIER,Elsevier (Unified)
INTERNATIONAL JOURNAL OF BIFURCATION AND CHAOS,1,0,129,0.0,WORLD SCIENTIFIC PUBL CO PTE LTD,World Scientific (Unified)
ADMINISTRATIVE SCIENCES,1,0,129,0.0,MDPI,
FRONTIERS IN HUMAN NEUROSCIENCE,1,1,129,100.0,FRONTIERS MEDIA SA,
SEPARATION AND PURIFICATION TECHNOLOGY,1,0,129,0.0,ELSEVIER,Elsevier (Unified)
BUSINESS PROCESS MANAGEMENT JOURNAL,1,2,129,100.0,EMERALD GROUP PUBLISHING LTD,
TOXICOLOGY LETTERS,1,0,129,0.0,ELSEVIER IRELAND LTD,Elsevier (Unified)
JOURNAL OF HAND THERAPY,1,0,129,0.0,HANLEY & BELFUS-ELSEVIER INC,Elsevier (Unified)
LUBRICANTS,1,6,129,100.0,MDPI,
VACCINES,1,0,129,0.0,MDPI,
MACROMOLECULES,1,0,129,0.0,AMER CHEMICAL SOC,
INTERNATIONAL JOURNAL OF SOCIAL ROBOTICS,1,0,129,0.0,SPRINGER,Springer Nature (Unified)
ADVANCED SCIENCE,1,0,129,0.0,WILEY,Wiley (Unified)
JOURNAL OF MENS HEALTH,1,0,129,0.0,MRE PRESS,
PROGRESS IN ORGANIC COATINGS,1,0,129,0.0,ELSEVIER SCIENCE SA,Elsevier (Unified)
STRUCTURAL CONTROL & HEALTH MONITORING,1,0,129,0.0,JOHN WILEY & SONS LTD,Wiley (Unified)
JOURNAL OF ADVANCED NURSING,1,0,129,0.0,WILEY,Wiley (Unified)
CHILDREN AND YOUTH SERVICES REVIEW,1,0,129,0.0,PERGAMON-ELSEVIER SCIENCE LTD,Elsevier (Unified)
EUROPEAN JOURNAL OF ANAESTHESIOLOGY,1,0,129,0.0,LIPPINCOTT WILLIAMS & WILKINS,Lippincott Williams & Wilkins (Unified)
INTERNATIONAL RESEARCH IN CHILDRENS LITERATURE,1,0,129,0.0,EDINBURGH UNIV PRESS,
PEDIATRIC ALLERGY AND IMMUNOLOGY,1,1,129,100.0,WILEY,Wiley (Unified)
ACTA ANALYTICA-INTERNATIONAL PERIODICAL FOR PHILOSOPHY IN THE ANALYTICAL TRADITION,1,0,129,0.0,SPRINGER,Springer Nature (Unified)
INTERNATIONAL JOURNAL OF GYNECOLOGY & OBSTETRICS,1,2,129,100.0,WILEY,Wiley (Unified)
IEEE TRANSACTIONS ON NETWORK SCIENCE AND ENGINEERING,1,2,129,100.0,IEEE COMPUTER SOC,IEEE (Unified)
INTERNATIONAL JOURNAL OF HOSPITALITY & TOURISM ADMINISTRATION,1,0,129,0.0,"ROUTLEDGE JOURNALS, TAYLOR & FRANCIS LTD",Taylor & Francis (Unified)
MICROMACHINES,1,0,129,0.0,MDPI,
ANNALI DELL ISTITUTO SUPERIORE DI SANITA,1,2,129,100.0,Istituto Superiore Sanita,
FOLKLORE-ELECTRONIC JOURNAL OF FOLKLORE,1,0,129,0.0,ESTONIAN LITERARY MUSEUM,
ARCHIVES OF DISEASE IN CHILDHOOD,1,0,129,0.0,BMJ PUBLISHING GROUP,
INTERNATIONAL JOURNAL OF LEXICOGRAPHY,1,0,129,0.0,OXFORD UNIV PRESS,Oxford University Press (Unified)
PEERJ,1,0,129,0.0,PEERJ INC,
LIFE SCIENCES,1,0,129,0.0,PERGAMON-ELSEVIER SCIENCE LTD,Elsevier (Unified)
POLYMER CHEMISTRY,1,0,129,0.0,ROYAL SOC CHEMISTRY,
BIOLOGY-BASEL,1,0,129,0.0,MDPI,
JOURNAL OF PHYSIOLOGY-LONDON,1,1,129,100.0,WILEY,Wiley (Unified)
BRAIN INJURY,1,0,129,0.0,TAYLOR & FRANCIS LTD,Taylor & Francis (Unified)
IEEE TRANSACTIONS ON SYSTEMS MAN CYBERNETICS-SYSTEMS,1,0,129,0.0,IEEE-INST ELECTRICAL ELECTRONICS ENGINEERS INC,IEEE (Unified)
SYNTHETIC METALS,1,0,129,0.0,ELSEVIER SCIENCE SA,Elsevier (Unified)
HEALTH SERVICES MANAGEMENT RESEARCH,1,0,129,0.0,SAGE PUBLICATIONS LTD,Sage (Unified)
NEW ENGLAND JOURNAL OF MEDICINE,1,10,129,100.0,MASSACHUSETTS MEDICAL SOC,
FRONTIERS IN MICROBIOLOGY,1,0,129,0.0,FRONTIERS MEDIA SA,
"2023 17TH INTERNATIONAL CONFERENCE ON TELECOMMUNICATIONS, CONTEL",1,0,129,0.0,IEEE,IEEE (Unified)
JOURNAL OF TOURISM FUTURES,1,2,129,100.0,EMERALD GROUP PUBLISHING LTD,
INTERNATIONAL JOURNAL OF CORPUS LINGUISTICS,1,0,129,0.0,JOHN BENJAMINS PUBLISHING CO,
BMC CARDIOVASCULAR DISORDERS,1,0,129,0.0,BMC,Springer Nature (Unified)
SOCIAL SCIENCE INFORMATION SUR LES SCIENCES SOCIALES,1,0,129,0.0,SAGE PUBLICATIONS LTD,Sage (Unified)
MEMBRANES,1,1,129,100.0,MDPI,
ADVANCES IN THERAPY,1,0,129,0.0,SPRINGER,Springer Nature (Unified)
CHEMCATCHEM,1,0,129,0.0,WILEY-V C H VERLAG GMBH,Wiley (Unified)
STRESS AND HEALTH,1,0,129,0.0,WILEY,Wiley (Unified)
ACTA ZOOLOGICA BULGARICA,1,0,129,0.0,"INST ZOOLOGY, BAS",
MATHEMATICA SLOVACA,1,0,129,0.0,WALTER DE GRUYTER GMBH,Walter De Gruyter (Unified)
INSIGHTS INTO IMAGING,1,0,129,0.0,SPRINGER WIEN,Springer Nature (Unified)
EXPERT SYSTEMS,1,0,129,0.0,WILEY,Wiley (Unified)
AKCE INTERNATIONAL JOURNAL OF GRAPHS AND COMBINATORICS,1,0,129,0.0,TAYLOR & FRANCIS LTD,Taylor & Francis (Unified)
SUBTERRANEAN BIOLOGY,1,0,129,0.0,INT SOC SUBTERRANEAN BIOL,
VICTIMS & OFFENDERS,1,0,129,0.0,TAYLOR & FRANCIS INC,Taylor & Francis (Unified)
JOURNAL OF TRAVEL RESEARCH,1,0,129,0.0,SAGE PUBLICATIONS INC,Sage (Unified)
FRONTIERS IN BIOENGINEERING AND BIOTECHNOLOGY,1,0,129,0.0,FRONTIERS MEDIA SA,
GRAPHS AND COMBINATORICS,1,1,129,100.0,SPRINGER JAPAN KK,Springer Nature (Unified)
PROCEEDINGS OF THE AMERICAN MATHEMATICAL SOCIETY,1,0,129,0.0,AMER MATHEMATICAL SOC,
CURRENT ISSUES IN TOURISM,1,6,129,100.0,"ROUTLEDGE JOURNALS, TAYLOR & FRANCIS LTD",Taylor & Francis (Unified)
JOURNAL OF MOTOR LEARNING AND DEVELOPMENT,1,1,129,100.0,HUMAN KINETICS PUBL INC,
JOURNAL OF INTELLIGENCE,1,0,129,0.0,MDPI,
POLYCYCLIC AROMATIC COMPOUNDS,1,0,129,0.0,TAYLOR & FRANCIS LTD,Taylor & Francis (Unified)
ENGINEERING CONSTRUCTION AND ARCHITECTURAL MANAGEMENT,1,0,129,0.0,EMERALD GROUP PUBLISHING LTD,
ENGINEERING FRACTURE MECHANICS,1,0,129,0.0,PERGAMON-ELSEVIER SCIENCE LTD,Elsevier (Unified)
EUROPEAN JOURNAL OF GYNAECOLOGICAL ONCOLOGY,1,0,129,0.0,MRE PRESS,
SOIL AND WATER RESEARCH,1,0,129,0.0,CZECH ACADEMY AGRICULTURAL SCIENCES,
CARDIOVASCULAR DIAGNOSIS AND THERAPY,1,0,129,0.0,AME PUBLISHING COMPANY,
CAMBRIDGE COMPANION TO EUROPEAN CRIMINAL LAW,1,1,129,100.0,CAMBRIDGE UNIV PRESS,
INTERNATIONAL REVIEW OF SOCIOLOGY-REVUE INTERNATIONALE DE SOCIOLOGIE,1,0,129,0.0,"ROUTLEDGE JOURNALS, TAYLOR & FRANCIS LTD",Taylor & Francis (Unified)
EXPERT REVIEW OF MEDICAL DEVICES,1,0,129,0.0,TAYLOR & FRANCIS LTD,Taylor & Francis (Unified)
ERJ OPEN RESEARCH,1,1,129,100.0,EUROPEAN RESPIRATORY SOC JOURNALS LTD,
LIFE SCIENCE ALLIANCE,1,0,129,0.0,LIFE SCIENCE ALLIANCE LLC,
JOURNAL OF NEURO-OPHTHALMOLOGY,1,1,129,100.0,LIPPINCOTT WILLIAMS & WILKINS,Lippincott Williams & Wilkins (Unified)
OPTICAL MATERIALS,1,1,129,100.0,ELSEVIER,Elsevier (Unified)
LINEAR ALGEBRA AND ITS APPLICATIONS,1,0,129,0.0,ELSEVIER SCIENCE INC,Elsevier (Unified)
JOURNAL OF MARINE SCIENCE AND ENGINEERING,1,0,129,0.0,MDPI,
EUROPEAN JOURNAL OF CLINICAL INVESTIGATION,1,0,129,0.0,WILEY,Wiley (Unified)
TECHNOLOGY KNOWLEDGE AND LEARNING,1,0,129,0.0,SPRINGER,Springer Nature (Unified)
JOURNAL OF KING SAUD UNIVERSITY-COMPUTER AND INFORMATION SCIENCES,1,1,129,100.0,ELSEVIER,Elsevier (Unified)
FUEL,1,2,129,100.0,ELSEVIER SCI LTD,Elsevier (Unified)
RESULTS IN ENGINEERING,1,0,129,0.0,ELSEVIER,Elsevier (Unified)
COGENT EDUCATION,1,0,129,0.0,TAYLOR & FRANCIS AS,Taylor & Francis (Unified)
3D PRINTING AND ADDITIVE MANUFACTURING,1,0,129,0.0,"MARY ANN LIEBERT, INC",
SODOBNA PEDAGOGIKA-JOURNAL OF CONTEMPORARY EDUCATIONAL STUDIES,1,0,129,0.0,SLOVENIAN ASSOC EDUCATIONALISTS,
DATA IN BRIEF,1,0,129,0.0,ELSEVIER,Elsevier (Unified)
INTERNATIONAL JOURNAL OF NON-LINEAR MECHANICS,1,0,129,0.0,PERGAMON-ELSEVIER SCIENCE LTD,Elsevier (Unified)
BMC PUBLIC HEALTH,1,3,129,100.0,BMC,Springer Nature (Unified)
RENEWABLE & SUSTAINABLE ENERGY REVIEWS,1,0,129,0.0,PERGAMON-ELSEVIER SCIENCE LTD,Elsevier (Unified)
BUSINESS STRATEGY AND DEVELOPMENT,1,0,129,0.0,WILEY,Wiley (Unified)
ACTA POLYTECHNICA HUNGARICA,1,0,129,0.0,BUDAPEST TECH,
BUILDINGS,1,0,129,0.0,MDPI,
NANOMATERIALS,1,0,129,0.0,MDPI,
MATERIALS & DESIGN,1,0,129,0.0,ELSEVIER SCI LTD,Elsevier (Unified)
RESUSCITATION PLUS,1,1,129,100.0,ELSEVIER,Elsevier (Unified)
TRANSPORTATION RESEARCH PART F-TRAFFIC PSYCHOLOGY AND BEHAVIOUR,1,0,129,0.0,ELSEVIER SCI LTD,Elsevier (Unified)
WATER,1,4,129,100.0,MDPI,
INTERNATIONAL JOURNAL OF INSTRUCTION,1,0,129,0.0,"GATE ASSOC TEACHING & EDUCATION-GATE, SWITZERLAND",
ADVANCED ENERGY MATERIALS,1,0,129,0.0,WILEY-V C H VERLAG GMBH,Wiley (Unified)
APPLIED SURFACE SCIENCE,1,0,129,0.0,ELSEVIER,Elsevier (Unified)
JOURNAL OF THE AMERICAN COLLEGE OF SURGEONS,1,0,129,0.0,LIPPINCOTT WILLIAMS & WILKINS,Lippincott Williams & Wilkins (Unified)
TOPOLOGY AND ITS APPLICATIONS,1,0,129,0.0,ELSEVIER,Elsevier (Unified)
MATERIA-RIO DE JANEIRO,1,0,129,0.0,"UNIV FED RIO DE JANEIRO, LAB HIDROGENIO",
"ALGORITHMS AND DISCRETE APPLIED MATHEMATICS, CALDAM 2023",1,0,129,0.0,SPRINGER INTERNATIONAL PUBLISHING AG,Springer Nature (Unified)
EXPOSITIONES MATHEMATICAE,1,0,129,0.0,ELSEVIER GMBH,Elsevier (Unified)
CONSTRUCTION AND BUILDING MATERIALS,1,0,129,0.0,ELSEVIER SCI LTD,Elsevier (Unified)
SCIENCE AND MEDICINE IN FOOTBALL,1,0,129,0.0,TAYLOR & FRANCIS LTD,Taylor & Francis (Unified)
DISCRETE MATHEMATICS AND THEORETICAL COMPUTER SCIENCE,1,0,129,0.0,DISCRETE MATHEMATICS THEORETICAL COMPUTER SCIENCE,
IEEE AEROSPACE AND ELECTRONIC SYSTEMS MAGAZINE,1,0,129,0.0,IEEE-INST ELECTRICAL ELECTRONICS ENGINEERS INC,IEEE (Unified)
JOURNAL OF OCCUPATIONAL HEALTH PSYCHOLOGY,1,0,129,0.0,EDUCATIONAL PUBLISHING FOUNDATION-AMERICAN PSYCHOLOGICAL ASSOC,
APPLIED THERMAL ENGINEERING,1,3,129,100.0,PERGAMON-ELSEVIER SCIENCE LTD,Elsevier (Unified)
INTERNATIONAL JOURNAL OF PHYTOREMEDIATION,1,0,129,0.0,TAYLOR & FRANCIS INC,Taylor & Francis (Unified)
JOURNAL OF GENETIC PSYCHOLOGY,1,0,129,0.0,"ROUTLEDGE JOURNALS, TAYLOR & FRANCIS LTD",Taylor & Francis (Unified)
CHEMICAL AND BIOCHEMICAL ENGINEERING QUARTERLY,1,0,129,0.0,CROATIAN SOC CHEMICAL ENGINEERING TECHNOLOGY,
INNOVATIONS-TECHNOLOGY AND TECHNIQUES IN CARDIOTHORACIC AND VASCULAR SURGERY,1,0,129,0.0,SAGE PUBLICATIONS INC,Sage (Unified)
PRZEGLAD ELEKTROTECHNICZNY,1,0,129,0.0,WYDAWNICTWO SIGMA-NOT SP ZOO,
EKONOMSKI PREGLED,1,0,129,0.0,HRVATSKO DRUSTVO EKONOMISTA,
CELLS,1,0,129,0.0,MDPI,
CLINICAL AND EXPERIMENTAL OBSTETRICS & GYNECOLOGY,1,0,129,0.0,IMR PRESS,
AMERICAN JOURNAL OF THE MEDICAL SCIENCES,1,1,129,100.0,ELSEVIER SCIENCE INC,Elsevier (Unified)
MATERIALS TODAY BIO,1,0,129,0.0,ELSEVIER,Elsevier (Unified)
MEASURING BUSINESS EXCELLENCE,1,0,129,0.0,EMERALD GROUP PUBLISHING LTD,
BMC ZOOLOGY,1,0,129,0.0,BMC,Springer Nature (Unified)
JOURNAL OF MULTIDISCIPLINARY HEALTHCARE,1,2,129,100.0,DOVE MEDICAL PRESS LTD,
CHEMICAL ENGINEERING JOURNAL,1,0,129,0.0,ELSEVIER SCIENCE SA,Elsevier (Unified)
INTERNATIONAL JOURNAL OF COMPUTATIONAL INTELLIGENCE SYSTEMS,1,0,129,0.0,SPRINGERNATURE,Springer Nature (Unified)
ADVANCED ENGINEERING MATERIALS,1,0,129,0.0,WILEY-V C H VERLAG GMBH,Wiley (Unified)
PHYSICAL REVIEW LETTERS,1,2,129,100.0,AMER PHYSICAL SOC,
DISCRETE OPTIMIZATION,1,0,129,0.0,ELSEVIER,Elsevier (Unified)
TECHNOLOGY AND HEALTH CARE,1,0,129,0.0,IOS PRESS,
JOURNAL OF NATURAL FIBERS,1,0,129,0.0,TAYLOR & FRANCIS INC,Taylor & Francis (Unified)
ENERGY,1,1,129,100.0,PERGAMON-ELSEVIER SCIENCE LTD,Elsevier (Unified)
JOURNAL OF CARDIOVASCULAR MEDICINE,1,0,129,0.0,LIPPINCOTT WILLIAMS & WILKINS,Lippincott Williams & Wilkins (Unified)
PALLIATIVE CARE & SOCIAL PRACTICE,1,0,129,0.0,SAGE PUBLICATIONS INC,Sage (Unified)
INFORMATION SCIENCES,1,0,129,0.0,ELSEVIER SCIENCE INC,Elsevier (Unified)
"2023 IEEE INTERNATIONAL CONFERENCE ON DECENTRALIZED APPLICATIONS AND INFRASTRUCTURES, DAPPS",1,0,129,0.0,IEEE COMPUTER SOC,IEEE (Unified)
BULLETIN OF MATHEMATICAL SCIENCES,1,1,129,100.0,WORLD SCIENTIFIC PUBL CO PTE LTD,World Scientific (Unified)
ENERGY SUSTAINABILITY AND SOCIETY,1,0,129,0.0,BMC,Springer Nature (Unified)
"PROCEEDINGS OF THE 18TH INTERNATIONAL JOINT CONFERENCE ON COMPUTER VISION, IMAGING AND COMPUTER GRAPHICS THEORY AND APPLICATIONS, VISIGRAPP 2023",1,0,129,0.0,SCITEPRESS,
DISCUSSIONES MATHEMATICAE GRAPH THEORY,1,0,129,0.0,UNIV ZIELONA GORA,
BIOINVASIONS RECORDS,1,0,129,0.0,REGIONAL EURO-ASIAN BIOLOGICAL INVASIONS CENTRE-REABIC,
CHILD AND ADOLESCENT PSYCHIATRY AND MENTAL HEALTH,1,0,129,0.0,BMC,Springer Nature (Unified)
HUMAN SYSTEMS MANAGEMENT,1,0,129,0.0,IOS PRESS,
KEMIJA U INDUSTRIJI-JOURNAL OF CHEMISTS AND CHEMICAL ENGINEERS,1,0,129,0.0,HRVATSKO DRUSTVO KEMJIJSKIH INZENJERA I TEHNOLOGA,
ENERGY REPORTS,1,0,129,0.0,ELSEVIER,Elsevier (Unified)
INTERNATIONAL JOURNAL OF FATIGUE,1,0,129,0.0,ELSEVIER SCI LTD,Elsevier (Unified)
LAND,1,0,129,0.0,MDPI,
ADVANCED MATERIALS TECHNOLOGIES,1,2,129,100.0,WILEY,Wiley (Unified)
HELIYON,1,0,129,0.0,CELL PRESS,Elsevier (Unified)
ANNALS OF HEMATOLOGY,1,0,129,0.0,SPRINGER,Springer Nature (Unified)
ATMOSPHERE,1,1,129,100.0,MDPI,
MACROMOLECULAR MATERIALS AND ENGINEERING,1,1,129,100.0,WILEY-V C H VERLAG GMBH,Wiley (Unified)
JOURNAL OF SPORT REHABILITATION,1,0,129,0.0,HUMAN KINETICS PUBL INC,
LIQUID CRYSTALS,1,3,129,100.0,TAYLOR & FRANCIS LTD,Taylor & Francis (Unified)
APPLIED BIOCHEMISTRY AND BIOTECHNOLOGY,1,3,129,100.0,SPRINGER,Springer Nature (Unified)
JOURNAL OF BUSINESS RESEARCH,1,3,129,100.0,ELSEVIER SCIENCE INC,Elsevier (Unified)
TOURISM,1,0,129,0.0,INST TOURISM,
PHYSICAL REVIEW X,1,4,129,100.0,AMER PHYSICAL SOC,
BABEL-REVUE INTERNATIONALE DE LA TRADUCTION-INTERNATIONAL JOURNAL OF TRANSLATION,1,0,129,0.0,JOHN BENJAMINS PUBLISHING CO,
IIC-INTERNATIONAL REVIEW OF INTELLECTUAL PROPERTY AND COMPETITION LAW,1,0,129,0.0,SPRINGER HEIDELBERG,Springer Nature (Unified)
FILOMAT,1,0,129,0.0,"UNIV NIS, FAC SCI MATH",
PHYSICAL REVIEW A,1,0,129,0.0,AMER PHYSICAL SOC,
JOURNAL OF INVESTIGATIVE DERMATOLOGY,1,0,129,0.0,ELSEVIER SCIENCE INC,Elsevier (Unified)
TEM JOURNAL-TECHNOLOGY EDUCATION MANAGEMENT INFORMATICS,1,0,129,0.0,UIKTEN - ASSOC INFORMATION COMMUNICATION TECHNOLOGY EDUCATION & SCIENCE,
AATCC JOURNAL OF RESEARCH,1,0,129,0.0,SAGE PUBLICATIONS INC,Sage (Unified)
JOURNAL OF FUNCTIONAL BIOMATERIALS,1,0,129,0.0,MDPI,
BIOMOLECULES AND BIOMEDICINE,1,0,129,0.0,ASSOC BASIC MEDICAL SCI FEDERATION BOSNIA & HERZEGOVINA SARAJEVO,
"2023 IEEE 47TH ANNUAL COMPUTERS, SOFTWARE, AND APPLICATIONS CONFERENCE, COMPSAC",1,0,129,0.0,IEEE COMPUTER SOC,IEEE (Unified)
ENGINEERING FAILURE ANALYSIS,1,0,129,0.0,PERGAMON-ELSEVIER SCIENCE LTD,Elsevier (Unified)
CURRENT ONCOLOGY,1,2,129,100.0,MDPI,
EUROPEAN JOURNAL OF MEDICAL RESEARCH,1,0,129,0.0,BMC,Springer Nature (Unified)
JOURNAL OF CLINICAL NURSING,1,0,129,0.0,WILEY,Wiley (Unified)
JOURNAL OF HEPATO-BILIARY-PANCREATIC SCIENCES,1,0,129,0.0,WILEY,Wiley (Unified)
INTERNATIONAL JOURNAL OF EMERGING MARKETS,1,0,129,0.0,EMERALD GROUP PUBLISHING LTD,
FOREST ECOSYSTEMS,1,0,129,0.0,KEAI PUBLISHING LTD,
TEACHING AND LEARNING IN MEDICINE,1,0,129,0.0,"ROUTLEDGE JOURNALS, TAYLOR & FRANCIS LTD",Taylor & Francis (Unified)
MANAGEMENT AND PRODUCTION ENGINEERING REVIEW,1,0,129,0.0,"POLSKA AKAD NAUK, POLISH ACAD SCIENCES",Polska Akad Nauk (Unified)
CELLULAR AND MOLECULAR NEUROBIOLOGY,1,0,129,0.0,SPRINGER/PLENUM PUBLISHERS,Springer Nature (Unified)
PHYSICS OF FLUIDS,1,2,129,100.0,AIP Publishing,
JOURNAL OF MEDICAL SYSTEMS,1,0,129,0.0,SPRINGER,Springer Nature (Unified)
ACS APPLIED NANO MATERIALS,1,0,129,0.0,AMER CHEMICAL SOC,
JOURNAL OF POLICY AND PRACTICE IN INTELLECTUAL DISABILITIES,1,0,129,0.0,WILEY,Wiley (Unified)
EUROPEAN JOURNAL OF CRIME CRIMINAL LAW AND CRIMINAL JUSTICE,1,0,129,0.0,BRILL,
JOURNAL OF INTERNATIONAL MEDICAL RESEARCH,1,0,129,0.0,SAGE PUBLICATIONS LTD,Sage (Unified)
TEKSTILEC,1,1,129,100.0,UNIV LJUBLJANA,
CLEAN TECHNOLOGIES AND ENVIRONMENTAL POLICY,1,0,129,0.0,SPRINGER,Springer Nature (Unified)
BMC MEDICAL EDUCATION,1,0,129,0.0,BMC,Springer Nature (Unified)
LITERATUR UND KRITIK,1,0,129,0.0,OTTO MULLER VERLAG,
FRONTIERS IN PUBLIC HEALTH,1,2,129,100.0,FRONTIERS MEDIA SA,
MATERIALWISSENSCHAFT UND WERKSTOFFTECHNIK,1,0,129,0.0,WILEY-V C H VERLAG GMBH,Wiley (Unified)
KNOWLEDGE-BASED SYSTEMS,1,0,129,0.0,ELSEVIER,Elsevier (Unified)
OPEN MEDICINE,1,0,129,0.0,DE GRUYTER POLAND SP Z O O,Walter de Gruyter (Unified)
ARCHITECTURAL THEORY REVIEW,1,0,129,0.0,"ROUTLEDGE JOURNALS, TAYLOR & FRANCIS LTD",Taylor & Francis (Unified)
JOURNAL OF WATER PROCESS ENGINEERING,1,0,129,0.0,ELSEVIER,Elsevier (Unified)
JAMA NETWORK OPEN,1,1,129,100.0,AMER MEDICAL ASSOC,
JOURNAL OF CLINICAL PSYCHOPHARMACOLOGY,1,0,129,0.0,LIPPINCOTT WILLIAMS & WILKINS,Lippincott Williams & Wilkins (Unified)
EAST ASIAN PRAGMATICS,1,0,129,0.0,EQUINOX PUBLISHING LTD,
JOURNAL OF PHOTOCHEMISTRY AND PHOTOBIOLOGY A-CHEMISTRY,1,1,129,100.0,ELSEVIER SCIENCE SA,Elsevier (Unified)
FRONTIERS IN COMPUTATIONAL NEUROSCIENCE,1,1,129,100.0,FRONTIERS MEDIA SA,
JOURNAL OF SEXUAL MEDICINE,1,0,129,0.0,OXFORD UNIV PRESS,Oxford University Press (Unified)
ANAEROBE,1,0,129,0.0,ELSEVIER SCI LTD,Elsevier (Unified)
JOURNAL OF SPORTS SCIENCE AND MEDICINE,1,0,129,0.0,JOURNAL SPORTS SCIENCE & MEDICINE,
BMC MUSCULOSKELETAL DISORDERS,1,0,129,0.0,BMC,Springer Nature (Unified)
JOURNAL OF ACADEMIC LIBRARIANSHIP,1,0,129,0.0,ELSEVIER SCIENCE INC,Elsevier (Unified)
CUREUS JOURNAL OF MEDICAL SCIENCE,1,0,129,0.0,SPRINGERNATURE,Springer Nature (Unified)
HEART SURGERY FORUM,1,0,129,0.0,"FORUM MULTIMEDIA PUBLISHING, LLC",
AMERICAN JOURNAL OF HEMATOLOGY,1,0,129,0.0,WILEY,Wiley (Unified)
JOURNAL OF NUCLEAR MEDICINE,1,3,129,100.0,SOC NUCLEAR MEDICINE INC,
PERSONALITY AND INDIVIDUAL DIFFERENCES,1,0,129,0.0,PERGAMON-ELSEVIER SCIENCE LTD,Elsevier (Unified)
JOURNAL OF COMPARATIVE PHYSIOLOGY A-NEUROETHOLOGY SENSORY NEURAL AND BEHAVIORAL PHYSIOLOGY,1,0,129,0.0,SPRINGER HEIDELBERG,Springer Nature (Unified)
SPORTS,1,0,129,0.0,MDPI,
FRONTIERS IN NUTRITION,1,0,129,0.0,FRONTIERS MEDIA SA,
ENVIRONMENTAL RESEARCH,1,0,129,0.0,ACADEMIC PRESS INC ELSEVIER SCIENCE,Elsevier (Unified)
JOURNAL OF BALKAN AND NEAR EASTERN STUDIES,1,0,129,0.0,"ROUTLEDGE JOURNALS, TAYLOR & FRANCIS LTD",Taylor & Francis (Unified)
JOURNAL OF MATHEMATICAL CHEMISTRY,1,0,129,0.0,SPRINGER,Springer Nature (Unified)
JOURNAL OF THE MEDICAL LIBRARY ASSOCIATION,1,1,129,100.0,MEDICAL LIBRARY ASSOC,
ANAESTHESIA,1,0,129,0.0,WILEY,Wiley (Unified)
JOURNAL OF PEDIATRIC HEALTH CARE,1,0,129,0.0,ELSEVIER SCIENCE INC,Elsevier (Unified)
ACTA PHARMACEUTICA,1,0,129,0.0,SCIENDO,
FRONTIERS IN PHARMACOLOGY,1,2,129,100.0,FRONTIERS MEDIA SA,
AMFITEATRU ECONOMIC,1,0,129,0.0,EDITURA ASE,
HUMAN REPRODUCTION,1,0,129,0.0,OXFORD UNIV PRESS,Oxford University Press (Unified)
WEAR,1,1,129,100.0,ELSEVIER SCIENCE SA,Elsevier (Unified)
JOURNAL OF HAPPINESS STUDIES,1,0,129,0.0,SPRINGER,Springer Nature (Unified)
BIOSYSTEMS,1,0,129,0.0,ELSEVIER SCI LTD,Elsevier (Unified)
SUSTAINABLE DEVELOPMENT,1,0,129,0.0,WILEY,Wiley (Unified)
JOURNAL OF PERSONALIZED MEDICINE,1,1,129,100.0,MDPI,
NATURE REVIEWS CARDIOLOGY,1,10,129,100.0,NATURE PORTFOLIO,Springer Nature (Unified)
ETHOLOGY,1,0,129,0.0,WILEY,Wiley (Unified)
CROSS-CULTURAL RESEARCH,1,0,129,0.0,SAGE PUBLICATIONS INC,Sage (Unified)
"MACHINE LEARNING, OPTIMIZATION, AND DATA SCIENCE, LOD 2022, PT I",1,0,129,0.0,SPRINGER INTERNATIONAL PUBLISHING AG,Springer Nature (Unified)
JOURNAL OF HEPATOLOGY,1,0,129,0.0,ELSEVIER,Elsevier (Unified)
BMC SPORTS SCIENCE MEDICINE AND REHABILITATION,1,0,129,0.0,BMC,Springer Nature (Unified)
EUROPEAN JOURNAL OF NEUROSCIENCE,1,0,129,0.0,WILEY,Wiley (Unified)

Filter Summary:
Dataset: Web of Science 02022024:093309 + ESCI
Schema:  Web of Science
Domestic/International Collaboration:  All
"Time Period:  [2023, 2023]"
Include Early Access documents:  true
Funding Data Source:  All Sources

"Exported date  Feb 10, 2024. "
"InCites dataset updated  2024-01-25. Includes Web of Science content indexed through 2023-12-31. "

